index,return
2000-01-06 00:00:00+00:00,0.0
2000-01-13 00:00:00+00:00,0.0
2000-01-20 00:00:00+00:00,0.0
2000-01-27 00:00:00+00:00,0.0
2000-02-03 00:00:00+00:00,0.0
2000-02-10 00:00:00+00:00,0.0
2000-02-17 00:00:00+00:00,0.0
2000-02-24 00:00:00+00:00,0.0
2000-03-02 00:00:00+00:00,0.0
2000-03-09 00:00:00+00:00,0.0
2000-03-16 00:00:00+00:00,0.0
2000-03-23 00:00:00+00:00,0.0
2000-03-30 00:00:00+00:00,0.0
2000-04-06 00:00:00+00:00,0.0
2000-04-13 00:00:00+00:00,0.0
2000-04-20 00:00:00+00:00,0.0
2000-04-27 00:00:00+00:00,0.0
2000-05-04 00:00:00+00:00,0.0
2000-05-11 00:00:00+00:00,0.0
2000-05-18 00:00:00+00:00,0.0
2000-05-25 00:00:00+00:00,0.0
2000-06-01 00:00:00+00:00,0.0
2000-06-08 00:00:00+00:00,0.0
2000-06-15 00:00:00+00:00,0.0
2000-06-22 00:00:00+00:00,0.0
2000-06-29 00:00:00+00:00,0.0
2000-07-06 00:00:00+00:00,0.0
2000-07-13 00:00:00+00:00,0.0
2000-07-20 00:00:00+00:00,0.0
2000-07-27 00:00:00+00:00,0.0
2000-08-03 00:00:00+00:00,0.0
2000-08-10 00:00:00+00:00,0.0
2000-08-17 00:00:00+00:00,0.0
2000-08-24 00:00:00+00:00,0.0
2000-08-31 00:00:00+00:00,0.0
2000-09-07 00:00:00+00:00,0.0
2000-09-14 00:00:00+00:00,0.0
2000-09-21 00:00:00+00:00,0.0
2000-09-28 00:00:00+00:00,0.0
2000-10-05 00:00:00+00:00,0.0
2000-10-12 00:00:00+00:00,0.0
2000-10-19 00:00:00+00:00,0.0
2000-10-26 00:00:00+00:00,0.0
2000-11-02 00:00:00+00:00,0.0
2000-11-09 00:00:00+00:00,0.0
2000-11-16 00:00:00+00:00,0.0
2000-11-23 00:00:00+00:00,0.0
2000-11-30 00:00:00+00:00,0.0
2000-12-07 00:00:00+00:00,0.0
2000-12-14 00:00:00+00:00,0.0
2000-12-21 00:00:00+00:00,0.0
2000-12-28 00:00:00+00:00,0.0
2001-01-04 00:00:00+00:00,0.0
2001-01-11 00:00:00+00:00,0.0
2001-01-18 00:00:00+00:00,0.0
2001-01-25 00:00:00+00:00,0.00018023974059921954
2001-02-01 00:00:00+00:00,0.02355822102015437
2001-02-08 00:00:00+00:00,-0.003675048335277986
2001-02-15 00:00:00+00:00,-0.01645871757084527
2001-02-22 00:00:00+00:00,0.011652698214759338
2001-03-01 00:00:00+00:00,0.017732873670793126
2001-03-08 00:00:00+00:00,-0.03370851912474371
2001-03-15 00:00:00+00:00,-0.027004546987492772
2001-03-22 00:00:00+00:00,0.027053705993675514
2001-03-29 00:00:00+00:00,-0.009370777683092801
2001-04-05 00:00:00+00:00,0.01626101445141348
2001-04-12 00:00:00+00:00,0.021287885352418545
2001-04-19 00:00:00+00:00,-0.01655183022672302
2001-04-26 00:00:00+00:00,0.014102234470185548
2001-05-03 00:00:00+00:00,0.005650514579126353
2001-05-10 00:00:00+00:00,0.028591566317006878
2001-05-17 00:00:00+00:00,0.0043839681009947284
2001-05-24 00:00:00+00:00,-0.009420264830125369
2001-05-31 00:00:00+00:00,0.014618530178507783
2001-06-07 00:00:00+00:00,-0.007114404707848299
2001-06-14 00:00:00+00:00,0.001854250352487874
2001-06-21 00:00:00+00:00,-0.008662697997548374
2001-06-28 00:00:00+00:00,0.014787657915720676
2001-07-05 00:00:00+00:00,0.008960999483687226
2001-07-12 00:00:00+00:00,0.03744270853764875
2001-07-19 00:00:00+00:00,-0.01587160087074091
2001-07-26 00:00:00+00:00,0.012852060692812861
2001-08-02 00:00:00+00:00,-0.018160911294819004
2001-08-09 00:00:00+00:00,0.003664612495773767
2001-08-16 00:00:00+00:00,-0.005960170946262
2001-08-23 00:00:00+00:00,0.004843897303799194
2001-08-30 00:00:00+00:00,0.0017982239667588829
2001-09-06 00:00:00+00:00,-0.03131275707773884
2001-09-13 00:00:00+00:00,-0.030632974579862027
2001-09-20 00:00:00+00:00,0.023703819623843714
2001-09-27 00:00:00+00:00,0.0524371986221821
2001-10-04 00:00:00+00:00,0.00460793817109395
2001-10-11 00:00:00+00:00,0.010367872956488666
2001-10-18 00:00:00+00:00,0.0014645874982432971
2001-10-25 00:00:00+00:00,-0.00411985010239746
2001-11-01 00:00:00+00:00,0.04589618740119761
2001-11-08 00:00:00+00:00,0.009030107208351623
2001-11-15 00:00:00+00:00,0.00195054710888809
2001-11-22 00:00:00+00:00,-0.006975915449839998
2001-11-29 00:00:00+00:00,0.05527987315453786
2001-12-06 00:00:00+00:00,-0.024618354300723677
2001-12-13 00:00:00+00:00,0.0016427835621823927
2001-12-20 00:00:00+00:00,0.0001692723317139322
2001-12-27 00:00:00+00:00,0.0
2002-01-03 00:00:00+00:00,0.0
2002-01-10 00:00:00+00:00,-0.007625733643523702
2002-01-17 00:00:00+00:00,0.014644739909965176
2002-01-24 00:00:00+00:00,0.007088139850621955
2002-01-31 00:00:00+00:00,-0.007988421178396266
2002-02-07 00:00:00+00:00,0.01689816160700852
2002-02-14 00:00:00+00:00,0.0006878761532482791
2002-02-21 00:00:00+00:00,0.00198940083098198
2002-02-28 00:00:00+00:00,0.020388884511200578
2002-03-07 00:00:00+00:00,0.005336502138365118
2002-03-14 00:00:00+00:00,0.008197569569065477
2002-03-21 00:00:00+00:00,0.003955955711346881
2002-03-28 00:00:00+00:00,-0.019098292095660274
2002-04-04 00:00:00+00:00,0.03907276928901138
2002-04-11 00:00:00+00:00,-0.0035083772089367082
2002-04-18 00:00:00+00:00,-0.00031561463889440144
2002-04-25 00:00:00+00:00,0.01218527126231339
2002-05-02 00:00:00+00:00,0.0038488131800118452
2002-05-09 00:00:00+00:00,0.0013514716283193895
2002-05-16 00:00:00+00:00,-0.0053106816925072575
2002-05-23 00:00:00+00:00,-0.011046563389243924
2002-05-30 00:00:00+00:00,-0.017596354766601707
2002-06-06 00:00:00+00:00,-0.011193413050381129
2002-06-13 00:00:00+00:00,-0.004411244432489303
2002-06-20 00:00:00+00:00,-0.031014405669568035
2002-06-27 00:00:00+00:00,-0.016203661664081936
2002-07-04 00:00:00+00:00,-0.030678857087433342
2002-07-11 00:00:00+00:00,-0.048236993426803876
2002-07-18 00:00:00+00:00,-0.019854875043332387
2002-07-25 00:00:00+00:00,0.0675498551325795
2002-08-01 00:00:00+00:00,-0.018313127430248488
2002-08-08 00:00:00+00:00,0.03315384211316541
2002-08-15 00:00:00+00:00,0.03239856812629549
2002-08-22 00:00:00+00:00,-0.024112408784387362
2002-08-29 00:00:00+00:00,-0.017698822524998215
2002-09-05 00:00:00+00:00,0.009211344987958725
2002-09-12 00:00:00+00:00,-0.005015141829331049
2002-09-19 00:00:00+00:00,-0.002695871946082562
2002-09-26 00:00:00+00:00,-0.0069268457509714665
2002-10-03 00:00:00+00:00,-0.004593399115345398
2002-10-10 00:00:00+00:00,0.0089200526525679
2002-10-17 00:00:00+00:00,0.004681026364750318
2002-10-24 00:00:00+00:00,0.0
2002-10-31 00:00:00+00:00,0.0
2002-11-07 00:00:00+00:00,0.0
2002-11-14 00:00:00+00:00,0.0
2002-11-21 00:00:00+00:00,0.0
2002-11-28 00:00:00+00:00,0.0
2002-12-05 00:00:00+00:00,0.0
2002-12-12 00:00:00+00:00,0.0
2002-12-19 00:00:00+00:00,0.0
2002-12-26 00:00:00+00:00,0.0
2003-01-02 00:00:00+00:00,0.0
2003-01-09 00:00:00+00:00,0.0
2003-01-16 00:00:00+00:00,0.0
2003-01-23 00:00:00+00:00,0.0
2003-01-30 00:00:00+00:00,0.0
2003-02-06 00:00:00+00:00,0.0
2003-02-13 00:00:00+00:00,0.01688605062130888
2003-02-20 00:00:00+00:00,0.0033651558003227056
2003-02-27 00:00:00+00:00,0.002380032649274444
2003-03-06 00:00:00+00:00,-0.008669115257865512
2003-03-13 00:00:00+00:00,0.04944487099765271
2003-03-20 00:00:00+00:00,-1.9274498938570694e-05
2003-03-27 00:00:00+00:00,0.009058872643578963
2003-04-03 00:00:00+00:00,-0.00891830401467375
2003-04-10 00:00:00+00:00,0.01968562975101351
2003-04-17 00:00:00+00:00,0.010080984651855474
2003-04-24 00:00:00+00:00,-0.00310236667183883
2003-05-01 00:00:00+00:00,0.022545755524798983
2003-05-08 00:00:00+00:00,0.008574834044058566
2003-05-15 00:00:00+00:00,-0.003081623364643127
2003-05-22 00:00:00+00:00,0.021523493164707697
2003-05-29 00:00:00+00:00,0.02102844515749025
2003-06-05 00:00:00+00:00,0.01101028782703417
2003-06-12 00:00:00+00:00,0.005562552648967545
2003-06-19 00:00:00+00:00,-0.01968535674626648
2003-06-26 00:00:00+00:00,0.013817364459862924
2003-07-03 00:00:00+00:00,-0.0019297942019093073
2003-07-10 00:00:00+00:00,-0.025750321544028565
2003-07-17 00:00:00+00:00,0.01162173306512293
2003-07-24 00:00:00+00:00,0.0034768617328981843
2003-07-31 00:00:00+00:00,-0.0066945624042829
2003-08-07 00:00:00+00:00,0.023538406511884435
2003-08-14 00:00:00+00:00,0.019137361491373905
2003-08-21 00:00:00+00:00,-0.0026020417427946585
2003-08-28 00:00:00+00:00,0.02785218961104774
2003-09-04 00:00:00+00:00,-0.008871326249379252
2003-09-11 00:00:00+00:00,0.01400608537757031
2003-09-18 00:00:00+00:00,0.007197162890216768
2003-09-25 00:00:00+00:00,0.006438529360550449
2003-10-02 00:00:00+00:00,0.017033830635279745
2003-10-09 00:00:00+00:00,0.007253731577500311
2003-10-16 00:00:00+00:00,-0.01512348902826377
2003-10-23 00:00:00+00:00,0.0181343470178148
2003-10-30 00:00:00+00:00,-0.000344283572285109
2003-11-06 00:00:00+00:00,0.011189154882746077
2003-11-13 00:00:00+00:00,-0.016242234592488414
2003-11-20 00:00:00+00:00,0.020226837146985144
2003-11-27 00:00:00+00:00,0.004926371367394822
2003-12-04 00:00:00+00:00,8.197631078976642e-05
2003-12-11 00:00:00+00:00,0.02019278664771318
2003-12-18 00:00:00+00:00,0.023755107327885217
2003-12-25 00:00:00+00:00,0.013794337339777751
2004-01-01 00:00:00+00:00,0.008429514646127734
2004-01-08 00:00:00+00:00,0.008848741584998043
2004-01-15 00:00:00+00:00,0.0097535840149503
2004-01-22 00:00:00+00:00,-0.007081689742204689
2004-01-29 00:00:00+00:00,0.00601555089513095
2004-02-05 00:00:00+00:00,0.021428728001548603
2004-02-12 00:00:00+00:00,-5.675444062480661e-05
2004-02-19 00:00:00+00:00,-0.016969842793074452
2004-02-26 00:00:00+00:00,0.004728134502755887
2004-03-04 00:00:00+00:00,-0.01103132057163958
2004-03-11 00:00:00+00:00,0.00489757728979856
2004-03-18 00:00:00+00:00,-0.012897616110772114
2004-03-25 00:00:00+00:00,0.029091951583250397
2004-04-01 00:00:00+00:00,0.011559225414202956
2004-04-08 00:00:00+00:00,-0.03667267091254245
2004-04-15 00:00:00+00:00,-0.00637749098813245
2004-04-22 00:00:00+00:00,0.006722613959489809
2004-04-29 00:00:00+00:00,-0.0024693635910882916
2004-05-06 00:00:00+00:00,-0.023006340898460542
2004-05-13 00:00:00+00:00,-0.0019152656849045213
2004-05-20 00:00:00+00:00,0.02195835276303093
2004-05-27 00:00:00+00:00,0.0041144820477379
2004-06-03 00:00:00+00:00,0.001750967883942911
2004-06-10 00:00:00+00:00,0.004984330613462928
2004-06-17 00:00:00+00:00,0.016555934796173677
2004-06-24 00:00:00+00:00,-0.00011768778309573236
2004-07-01 00:00:00+00:00,-0.017600730519855112
2004-07-08 00:00:00+00:00,-0.009028590062511221
2004-07-15 00:00:00+00:00,-0.01249647218333938
2004-07-22 00:00:00+00:00,0.011278227328387125
2004-07-29 00:00:00+00:00,0.006868035433871711
2004-08-05 00:00:00+00:00,-0.014271118483843548
2004-08-12 00:00:00+00:00,0.01011372807127886
2004-08-19 00:00:00+00:00,0.004147691642008677
2004-08-26 00:00:00+00:00,0.004003900267670835
2004-09-02 00:00:00+00:00,0.014161658722314119
2004-09-09 00:00:00+00:00,0.011397242717402278
2004-09-16 00:00:00+00:00,0.003057232797378795
2004-09-23 00:00:00+00:00,0.0068194049957435166
2004-09-30 00:00:00+00:00,0.026712982666339702
2004-10-07 00:00:00+00:00,-0.013981732576811345
2004-10-14 00:00:00+00:00,-0.0012021173251602901
2004-10-21 00:00:00+00:00,0.024449963649936235
2004-10-28 00:00:00+00:00,0.011774972868892286
2004-11-04 00:00:00+00:00,0.00843119368716061
2004-11-11 00:00:00+00:00,0.008356601745262093
2004-11-18 00:00:00+00:00,0.008115797767791477
2004-11-25 00:00:00+00:00,0.006476479336676055
2004-12-02 00:00:00+00:00,-0.007051817413248673
2004-12-09 00:00:00+00:00,0.026097195482490676
2004-12-16 00:00:00+00:00,-0.0032849606820800625
2004-12-23 00:00:00+00:00,0.0063638382814548144
2004-12-30 00:00:00+00:00,-0.026796071094647322
2005-01-06 00:00:00+00:00,0.004151751085859745
2005-01-13 00:00:00+00:00,0.00597933921569016
2005-01-20 00:00:00+00:00,-0.013168849179840625
2005-01-27 00:00:00+00:00,0.008348742738631287
2005-02-03 00:00:00+00:00,-0.005844432303032554
2005-02-10 00:00:00+00:00,0.015387176480569753
2005-02-17 00:00:00+00:00,-0.01873511096628211
2005-02-24 00:00:00+00:00,0.028938855009965847
2005-03-03 00:00:00+00:00,0.000803838799911194
2005-03-10 00:00:00+00:00,0.001323372877505724
2005-03-17 00:00:00+00:00,-0.007485664120686852
2005-03-24 00:00:00+00:00,0.01148564778382477
2005-03-31 00:00:00+00:00,0.0020277468453770986
2005-04-07 00:00:00+00:00,-0.01705596523735442
2005-04-14 00:00:00+00:00,-0.043773733811658166
2005-04-21 00:00:00+00:00,0.01427852026030596
2005-04-28 00:00:00+00:00,0.00201939376461846
2005-05-05 00:00:00+00:00,0.005071398185299891
2005-05-12 00:00:00+00:00,0.02100105285275866
2005-05-19 00:00:00+00:00,0.0038969322135635753
2005-05-26 00:00:00+00:00,0.013223872559806393
2005-06-02 00:00:00+00:00,-0.0001212409712132434
2005-06-09 00:00:00+00:00,0.002525434058871845
2005-06-16 00:00:00+00:00,0.0007325501482604579
2005-06-23 00:00:00+00:00,-0.013789028609051734
2005-06-30 00:00:00+00:00,-0.008446369396051145
2005-07-07 00:00:00+00:00,0.019421571621131006
2005-07-14 00:00:00+00:00,0.01438933255993824
2005-07-21 00:00:00+00:00,0.0014624657793780305
2005-07-28 00:00:00+00:00,-0.004376197415688954
2005-08-04 00:00:00+00:00,-0.00888972999238169
2005-08-11 00:00:00+00:00,-0.0045252780207435395
2005-08-18 00:00:00+00:00,0.0009838284508947304
2005-08-25 00:00:00+00:00,0.012956771985997095
2005-09-01 00:00:00+00:00,0.0041471660823049206
2005-09-08 00:00:00+00:00,-0.0022466842173207713
2005-09-15 00:00:00+00:00,-0.005769227744616412
2005-09-22 00:00:00+00:00,0.02859951074615741
2005-09-29 00:00:00+00:00,-0.003110973258761973
2005-10-06 00:00:00+00:00,-0.017888487881091875
2005-10-13 00:00:00+00:00,0.005272072754414214
2005-10-20 00:00:00+00:00,0.007165274092196139
2005-10-27 00:00:00+00:00,0.024921368352693873
2005-11-03 00:00:00+00:00,0.0031727845330657978
2005-11-10 00:00:00+00:00,0.009819164201719577
2005-11-17 00:00:00+00:00,0.019553094956794803
2005-11-24 00:00:00+00:00,-0.0003815573769764269
2005-12-01 00:00:00+00:00,0.004381296849347516
2005-12-08 00:00:00+00:00,0.006860713268698193
2005-12-15 00:00:00+00:00,0.007199579022674207
2005-12-22 00:00:00+00:00,-0.0015247425207288723
2005-12-29 00:00:00+00:00,0.018712093110754058
2006-01-05 00:00:00+00:00,0.020770816788461932
2006-01-12 00:00:00+00:00,-0.0027092072448411386
2006-01-19 00:00:00+00:00,-0.007513018665462057
2006-01-26 00:00:00+00:00,0.004665986861712712
2006-02-02 00:00:00+00:00,-0.002296074247858493
2006-02-09 00:00:00+00:00,0.011322993030494555
2006-02-16 00:00:00+00:00,0.01601119204418433
2006-02-23 00:00:00+00:00,0.0017629780974155462
2006-03-02 00:00:00+00:00,-0.01451958256406305
2006-03-09 00:00:00+00:00,0.016253421248124234
2006-03-16 00:00:00+00:00,-0.003493435002796086
2006-03-23 00:00:00+00:00,0.003534248901105874
2006-03-30 00:00:00+00:00,0.013809551970876743
2006-04-06 00:00:00+00:00,-0.009683970951949394
2006-04-13 00:00:00+00:00,0.008232616693389483
2006-04-20 00:00:00+00:00,-0.00024882477566801064
2006-04-27 00:00:00+00:00,-0.007946799563657403
2006-05-04 00:00:00+00:00,0.004891486361507491
2006-05-11 00:00:00+00:00,-0.012384017875626596
2006-05-18 00:00:00+00:00,-0.007522881568331363
2006-05-25 00:00:00+00:00,0.005135844192634131
2006-06-01 00:00:00+00:00,-0.010372974746605257
2006-06-08 00:00:00+00:00,-0.008877105930790496
2006-06-15 00:00:00+00:00,0.02535619014881818
2006-06-22 00:00:00+00:00,-0.0002253756831497311
2006-06-29 00:00:00+00:00,0.009022922228919539
2006-07-06 00:00:00+00:00,-0.003324615733868219
2006-07-13 00:00:00+00:00,-0.00039366839222532146
2006-07-20 00:00:00+00:00,-0.013630851412280154
2006-07-27 00:00:00+00:00,0.002386476997448428
2006-08-03 00:00:00+00:00,-0.005268088930950543
2006-08-10 00:00:00+00:00,0.02027924965743244
2006-08-17 00:00:00+00:00,-0.0038708169699387396
2006-08-24 00:00:00+00:00,-0.0023459301333011995
2006-08-31 00:00:00+00:00,-0.0009129095784019547
2006-09-07 00:00:00+00:00,-0.010823000915132108
2006-09-14 00:00:00+00:00,-0.004785960277610579
2006-09-21 00:00:00+00:00,0.015555036120254329
2006-09-28 00:00:00+00:00,0.004240224577533036
2006-10-05 00:00:00+00:00,0.0022953719133298467
2006-10-12 00:00:00+00:00,0.009916721020358343
2006-10-19 00:00:00+00:00,0.008328976459437643
2006-10-26 00:00:00+00:00,-0.009930828339824394
2006-11-02 00:00:00+00:00,0.007869456852103607
2006-11-09 00:00:00+00:00,0.00812919153887881
2006-11-16 00:00:00+00:00,0.008096830310099667
2006-11-23 00:00:00+00:00,-0.0011183372428058558
2006-11-30 00:00:00+00:00,0.013076559891158412
2006-12-07 00:00:00+00:00,0.001537942181551566
2006-12-14 00:00:00+00:00,-0.0004329335520741884
2006-12-21 00:00:00+00:00,-0.001247863588374587
2006-12-28 00:00:00+00:00,-0.0061844493153294655
2007-01-04 00:00:00+00:00,-0.0009778865768427236
2007-01-11 00:00:00+00:00,0.014910427034579232
2007-01-18 00:00:00+00:00,0.0025000280161366906
2007-01-25 00:00:00+00:00,-0.0065506283695947465
2007-02-01 00:00:00+00:00,0.006811941493289009
2007-02-08 00:00:00+00:00,0.005421458757270736
2007-02-15 00:00:00+00:00,0.00604729467483045
2007-02-22 00:00:00+00:00,-0.031489364214491
2007-03-01 00:00:00+00:00,-0.009604677426839792
2007-03-08 00:00:00+00:00,-0.0029150897578499313
2007-03-15 00:00:00+00:00,0.02222962918338789
2007-03-22 00:00:00+00:00,-0.0017675168649533557
2007-03-29 00:00:00+00:00,-0.002369046477100678
2007-04-05 00:00:00+00:00,0.0017210360631447763
2007-04-12 00:00:00+00:00,0.012879373346896594
2007-04-19 00:00:00+00:00,0.0032567640397953568
2007-04-26 00:00:00+00:00,-0.0005324619331178448
2007-05-03 00:00:00+00:00,0.003701753473458469
2007-05-10 00:00:00+00:00,0.008953865096841929
2007-05-17 00:00:00+00:00,0.012103332310444248
2007-05-24 00:00:00+00:00,-0.0010529143817408215
2007-05-31 00:00:00+00:00,-0.01502127774211015
2007-06-07 00:00:00+00:00,-0.011986750122200296
2007-06-14 00:00:00+00:00,-0.0028935454113871995
2007-06-21 00:00:00+00:00,-0.003145673480965727
2007-06-28 00:00:00+00:00,0.015954404230907215
2007-07-05 00:00:00+00:00,0.0033394546839904393
2007-07-12 00:00:00+00:00,0.014618449732754168
2007-07-19 00:00:00+00:00,-0.021691852433519787
2007-07-26 00:00:00+00:00,-0.02808274515313669
2007-08-02 00:00:00+00:00,0.008174130243549405
2007-08-09 00:00:00+00:00,-0.05029695074967977
2007-08-16 00:00:00+00:00,0.044233267687260325
2007-08-23 00:00:00+00:00,-0.0020636617946439006
2007-08-30 00:00:00+00:00,0.002721927493107401
2007-09-06 00:00:00+00:00,-0.006353726962911477
2007-09-13 00:00:00+00:00,0.03801122590467143
2007-09-20 00:00:00+00:00,-0.00564112278728135
2007-09-27 00:00:00+00:00,0.0012486981524491014
2007-10-04 00:00:00+00:00,0.013928484459580392
2007-10-11 00:00:00+00:00,-0.011080953919641368
2007-10-18 00:00:00+00:00,-0.010281174026200102
2007-10-25 00:00:00+00:00,0.011860114873232686
2007-11-01 00:00:00+00:00,-0.019747347413437644
2007-11-08 00:00:00+00:00,-0.01000631002431196
2007-11-15 00:00:00+00:00,-0.018725179261996794
2007-11-22 00:00:00+00:00,0.015739806481520402
2007-11-29 00:00:00+00:00,0.013801023312102645
2007-12-06 00:00:00+00:00,0.007299345464338414
2007-12-13 00:00:00+00:00,-0.014899255901988484
2007-12-20 00:00:00+00:00,0.02240635176848449
2007-12-27 00:00:00+00:00,-0.02287348416881496
2008-01-03 00:00:00+00:00,-0.021860877477097862
2008-01-10 00:00:00+00:00,-0.040918238487323455
2008-01-17 00:00:00+00:00,-0.03816870802208239
2008-01-24 00:00:00+00:00,0.0063218495543830855
2008-01-31 00:00:00+00:00,-0.008036168889113848
2008-02-07 00:00:00+00:00,0.023329637273004078
2008-02-14 00:00:00+00:00,0.00014127377158867915
2008-02-21 00:00:00+00:00,0.008812179819003951
2008-02-28 00:00:00+00:00,-0.01963438454708688
2008-03-06 00:00:00+00:00,-0.024029652227103626
2008-03-13 00:00:00+00:00,-0.01903228908211152
2008-03-20 00:00:00+00:00,0.018086012017544117
2008-03-27 00:00:00+00:00,-0.025883060170698302
2008-04-03 00:00:00+00:00,0.031030697549702335
2008-04-10 00:00:00+00:00,0.01192636269653713
2008-04-17 00:00:00+00:00,0.004544154656974664
2008-04-24 00:00:00+00:00,0.001611396309321611
2008-05-01 00:00:00+00:00,-0.002120382053368841
2008-05-08 00:00:00+00:00,0.0034315285229140624
2008-05-15 00:00:00+00:00,0.0018850482367762655
2008-05-22 00:00:00+00:00,0.012973490644647256
2008-05-29 00:00:00+00:00,0.0006851088315651399
2008-06-05 00:00:00+00:00,-0.009701284437375723
2008-06-12 00:00:00+00:00,0.0011135114013189895
2008-06-19 00:00:00+00:00,-0.009855202884938574
2008-06-26 00:00:00+00:00,-0.027214102389037542
2008-07-03 00:00:00+00:00,-0.017420950582975547
2008-07-10 00:00:00+00:00,0.005524148755250424
2008-07-17 00:00:00+00:00,0.01636246445958278
2008-07-24 00:00:00+00:00,0.006956945130794923
2008-07-31 00:00:00+00:00,-0.022736478430458562
2008-08-07 00:00:00+00:00,-0.003710138431590404
2008-08-14 00:00:00+00:00,-0.007170592181638957
2008-08-21 00:00:00+00:00,0.011347698803582995
2008-08-28 00:00:00+00:00,-0.023804703154587603
2008-09-04 00:00:00+00:00,-0.04460516520459368
2008-09-11 00:00:00+00:00,-0.015149256106633202
2008-09-18 00:00:00+00:00,-0.00469165194471699
2008-09-25 00:00:00+00:00,-0.012376729709289935
2008-10-02 00:00:00+00:00,-0.07705265942413053
2008-10-09 00:00:00+00:00,-0.04318058416072457
2008-10-16 00:00:00+00:00,-0.0005642263067215936
2008-10-23 00:00:00+00:00,-0.004499452991830077
2008-10-30 00:00:00+00:00,0.007799827572525286
2008-11-06 00:00:00+00:00,-0.0003056410600000836
2008-11-13 00:00:00+00:00,-0.0029369966840360195
2008-11-20 00:00:00+00:00,0.0047809086207744045
2008-11-27 00:00:00+00:00,0.0023833217180511124
2008-12-04 00:00:00+00:00,0.0009774120469443481
2008-12-11 00:00:00+00:00,0.0004524198657269718
2008-12-18 00:00:00+00:00,0.0009846581024861578
2008-12-25 00:00:00+00:00,0.003672032193158925
2009-01-01 00:00:00+00:00,0.0
2009-01-08 00:00:00+00:00,0.0
2009-01-15 00:00:00+00:00,0.005757816333771482
2009-01-22 00:00:00+00:00,-0.009245824821244364
2009-01-29 00:00:00+00:00,0.0026791299728881057
2009-02-05 00:00:00+00:00,-0.00012270473717079788
2009-02-12 00:00:00+00:00,-0.0015727142744870193
2009-02-19 00:00:00+00:00,0.0
2009-02-26 00:00:00+00:00,0.0
2009-03-05 00:00:00+00:00,0.0
2009-03-12 00:00:00+00:00,0.0
2009-03-19 00:00:00+00:00,0.0
2009-03-26 00:00:00+00:00,0.0
2009-04-02 00:00:00+00:00,0.0
2009-04-09 00:00:00+00:00,0.0
2009-04-16 00:00:00+00:00,0.0
2009-04-23 00:00:00+00:00,0.0
2009-04-30 00:00:00+00:00,0.0
2009-05-07 00:00:00+00:00,0.0
2009-05-14 00:00:00+00:00,0.0
2009-05-21 00:00:00+00:00,0.0
2009-05-28 00:00:00+00:00,0.0
2009-06-04 00:00:00+00:00,0.0
2009-06-11 00:00:00+00:00,0.0
2009-06-18 00:00:00+00:00,0.0
2009-06-25 00:00:00+00:00,0.0
2009-07-02 00:00:00+00:00,0.0
2009-07-09 00:00:00+00:00,0.0
2009-07-16 00:00:00+00:00,0.0
2009-07-23 00:00:00+00:00,0.0
2009-07-30 00:00:00+00:00,0.0
2009-08-06 00:00:00+00:00,0.0
2009-08-13 00:00:00+00:00,0.0005756924468793834
2009-08-20 00:00:00+00:00,0.02495016600329647
2009-08-27 00:00:00+00:00,-0.014307666675647979
2009-09-03 00:00:00+00:00,0.029754105202991044
2009-09-10 00:00:00+00:00,0.030280025429429758
2009-09-17 00:00:00+00:00,0.005106600569379616
2009-09-24 00:00:00+00:00,-0.001359121364677529
2009-10-01 00:00:00+00:00,0.0007553477397810315
2009-10-08 00:00:00+00:00,0.019447284869522408
2009-10-15 00:00:00+00:00,0.003322333774725017
2009-10-22 00:00:00+00:00,-0.026501425729586914
2009-10-29 00:00:00+00:00,0.007458116040212959
2009-11-05 00:00:00+00:00,0.03598048978549828
2009-11-12 00:00:00+00:00,0.009119400209232076
2009-11-19 00:00:00+00:00,0.0035096216991019613
2009-11-26 00:00:00+00:00,-0.0014436174528764667
2009-12-03 00:00:00+00:00,-0.006258394875137352
2009-12-10 00:00:00+00:00,0.004431701707953817
2009-12-17 00:00:00+00:00,0.009115467808107791
2009-12-24 00:00:00+00:00,0.0065686234031721025
2009-12-31 00:00:00+00:00,0.0015471651417626742
2010-01-07 00:00:00+00:00,0.021139869300725644
2010-01-14 00:00:00+00:00,7.309539213506966e-05
2010-01-21 00:00:00+00:00,-0.024854586754091912
2010-01-28 00:00:00+00:00,-0.006074249686219391
2010-02-04 00:00:00+00:00,-0.02151172517616451
2010-02-11 00:00:00+00:00,0.030640581488420304
2010-02-18 00:00:00+00:00,0.007717422740060487
2010-02-25 00:00:00+00:00,0.007857229454404147
2010-03-04 00:00:00+00:00,0.01544287271396838
2010-03-11 00:00:00+00:00,0.0015617037321002947
2010-03-18 00:00:00+00:00,0.002634922944229512
2010-03-25 00:00:00+00:00,-0.001690855627813459
2010-04-01 00:00:00+00:00,0.017266628307625043
2010-04-08 00:00:00+00:00,0.0012904380014255867
2010-04-15 00:00:00+00:00,-0.007872193681085604
2010-04-22 00:00:00+00:00,-0.004346870682610637
2010-04-29 00:00:00+00:00,-0.013940285368065242
2010-05-06 00:00:00+00:00,0.002990464855171737
2010-05-13 00:00:00+00:00,-0.0371790618905824
2010-05-20 00:00:00+00:00,-0.03750525805455629
2010-05-27 00:00:00+00:00,0.028395454774255313
2010-06-03 00:00:00+00:00,-0.006064999948659833
2010-06-10 00:00:00+00:00,0.04810079593901784
2010-06-17 00:00:00+00:00,0.005659517868955133
2010-06-24 00:00:00+00:00,-0.02182323993698687
2010-07-01 00:00:00+00:00,0.027764374034160655
2010-07-08 00:00:00+00:00,0.011935810529205337
2010-07-15 00:00:00+00:00,-0.00015917098732409762
2010-07-22 00:00:00+00:00,0.015365649603029885
2010-07-29 00:00:00+00:00,0.005670757984803432
2010-08-05 00:00:00+00:00,-0.0034778331190457035
2010-08-12 00:00:00+00:00,0.019122218623254694
2010-08-19 00:00:00+00:00,-0.018911658243631835
2010-08-26 00:00:00+00:00,0.043316598319196986
2010-09-02 00:00:00+00:00,0.0018952550568966942
2010-09-09 00:00:00+00:00,0.0001830732223642162
2010-09-16 00:00:00+00:00,0.0
2010-09-23 00:00:00+00:00,0.0
2010-09-30 00:00:00+00:00,0.0
2010-10-07 00:00:00+00:00,0.0
2010-10-14 00:00:00+00:00,0.0
2010-10-21 00:00:00+00:00,0.0
2010-10-28 00:00:00+00:00,0.0021943614699717617
2010-11-04 00:00:00+00:00,0.0022964236592342147
2010-11-11 00:00:00+00:00,-0.012094719830330836
2010-11-18 00:00:00+00:00,-0.0009190156804672611
2010-11-25 00:00:00+00:00,0.0007602975938869605
2010-12-02 00:00:00+00:00,0.004516199867505177
2010-12-09 00:00:00+00:00,0.00872673618149733
2010-12-16 00:00:00+00:00,0.006399572360536565
2010-12-23 00:00:00+00:00,-0.00019405858377108398
2010-12-30 00:00:00+00:00,0.0014812225603635376
2011-01-06 00:00:00+00:00,0.003919207124150503
2011-01-13 00:00:00+00:00,0.0033907915309756564
2011-01-20 00:00:00+00:00,0.0018325913304331198
2011-01-27 00:00:00+00:00,0.001889033381643035
2011-02-03 00:00:00+00:00,0.019185342729709953
2011-02-10 00:00:00+00:00,0.001332025602694964
2011-02-17 00:00:00+00:00,-0.012015444438248757
2011-02-24 00:00:00+00:00,0.004883133401652362
2011-03-03 00:00:00+00:00,0.014948144590287926
2011-03-10 00:00:00+00:00,-0.016590877265722948
2011-03-17 00:00:00+00:00,0.0304843446765386
2011-03-24 00:00:00+00:00,0.00987685246879999
2011-03-31 00:00:00+00:00,0.004588739977803291
2011-04-07 00:00:00+00:00,-0.002806388507155533
2011-04-14 00:00:00+00:00,0.02221192097031155
2011-04-21 00:00:00+00:00,0.019320210235671986
2011-04-28 00:00:00+00:00,-0.006730405792238714
2011-05-05 00:00:00+00:00,0.008109087068524534
2011-05-12 00:00:00+00:00,-0.002512656920922951
2011-05-19 00:00:00+00:00,-0.014492249919814348
2011-05-26 00:00:00+00:00,-0.008507486181526747
2011-06-02 00:00:00+00:00,-0.029879194928390085
2011-06-09 00:00:00+00:00,-0.010139768889420586
2011-06-16 00:00:00+00:00,0.019200207011932147
2011-06-23 00:00:00+00:00,-0.0022580897313226878
2011-06-30 00:00:00+00:00,0.0039475844890564105
2011-07-07 00:00:00+00:00,-0.004601701814509029
2011-07-14 00:00:00+00:00,-0.0009438995121775484
2011-07-21 00:00:00+00:00,-0.014292657050468338
2011-07-28 00:00:00+00:00,-0.04075215276040067
2011-08-04 00:00:00+00:00,-0.0964751311250931
2011-08-11 00:00:00+00:00,0.028114234818726214
2011-08-18 00:00:00+00:00,-0.011197090306616087
2011-08-25 00:00:00+00:00,0.0022571729312139688
2011-09-01 00:00:00+00:00,-9.284180472191039e-07
2011-09-08 00:00:00+00:00,0.0014455782312925436
2011-09-15 00:00:00+00:00,0.0016591658374220941
2011-09-22 00:00:00+00:00,-0.002479186827190172
2011-09-29 00:00:00+00:00,-0.011308242210354869
2011-10-06 00:00:00+00:00,0.04285481600580665
2011-10-13 00:00:00+00:00,-0.00283910043128921
2011-10-20 00:00:00+00:00,0.0
2011-10-27 00:00:00+00:00,-0.0026273241713824502
2011-11-03 00:00:00+00:00,-0.002724664820069056
2011-11-10 00:00:00+00:00,0.008150792974836785
2011-11-17 00:00:00+00:00,-0.01488538958303065
2011-11-24 00:00:00+00:00,0.057839799828230065
2011-12-01 00:00:00+00:00,-0.002305948570543337
2011-12-08 00:00:00+00:00,0.0
2011-12-15 00:00:00+00:00,0.015952878506118262
2011-12-22 00:00:00+00:00,0.0016042640888958015
2011-12-29 00:00:00+00:00,-0.0010736149481859192
2012-01-05 00:00:00+00:00,-0.0021743724244270846
2012-01-12 00:00:00+00:00,0.005534564525167429
2012-01-19 00:00:00+00:00,0.009204395346306127
2012-01-26 00:00:00+00:00,-0.0006137193119812867
2012-02-02 00:00:00+00:00,0.00373247361243334
2012-02-09 00:00:00+00:00,-0.004225883265227104
2012-02-16 00:00:00+00:00,0.008107088341953839
2012-02-23 00:00:00+00:00,0.0025258141844803905
2012-03-01 00:00:00+00:00,-0.015926396850930447
2012-03-08 00:00:00+00:00,0.02946082980070952
2012-03-15 00:00:00+00:00,0.004349870570446113
2012-03-22 00:00:00+00:00,-0.0017244088533500124
2012-03-29 00:00:00+00:00,0.0028956632696486295
2012-04-05 00:00:00+00:00,-0.025202193853550825
2012-04-12 00:00:00+00:00,0.013272606007724619
2012-04-19 00:00:00+00:00,0.005121734168210157
2012-04-26 00:00:00+00:00,0.012018685792653416
2012-05-03 00:00:00+00:00,-0.024363000488945907
2012-05-10 00:00:00+00:00,-0.03628188246448805
2012-05-17 00:00:00+00:00,-0.011025552024507612
2012-05-24 00:00:00+00:00,-0.004395910122057978
2012-05-31 00:00:00+00:00,0.005474483762948346
2012-06-07 00:00:00+00:00,-0.004240171436236562
2012-06-14 00:00:00+00:00,0.025818012129338097
2012-06-21 00:00:00+00:00,-0.01591504266689947
2012-06-28 00:00:00+00:00,0.028029046341139452
2012-07-05 00:00:00+00:00,-0.028807401727695692
2012-07-12 00:00:00+00:00,0.01059869591281526
2012-07-19 00:00:00+00:00,-0.011993132296917564
2012-07-26 00:00:00+00:00,0.018115070482409346
2012-08-02 00:00:00+00:00,-0.0023604423187667534
2012-08-09 00:00:00+00:00,0.00424575667007554
2012-08-16 00:00:00+00:00,-0.002272549959828729
2012-08-23 00:00:00+00:00,0.0008098408018573089
2012-08-30 00:00:00+00:00,-0.0010448506912229538
2012-09-06 00:00:00+00:00,0.010829886842251835
2012-09-13 00:00:00+00:00,0.0051605851097094035
2012-09-20 00:00:00+00:00,-0.006907637772703312
2012-09-27 00:00:00+00:00,0.010004380542972369
2012-10-04 00:00:00+00:00,-0.005743310719028449
2012-10-11 00:00:00+00:00,0.01770921582039331
2012-10-18 00:00:00+00:00,-0.022876474099150057
2012-10-25 00:00:00+00:00,0.007876201159307206
2012-11-01 00:00:00+00:00,-0.010810714644000075
2012-11-08 00:00:00+00:00,-0.021484297940864816
2012-11-15 00:00:00+00:00,0.020081819008393342
2012-11-22 00:00:00+00:00,0.005388147564853618
2012-11-29 00:00:00+00:00,-0.00020297363979915328
2012-12-06 00:00:00+00:00,0.008246570708976497
2012-12-13 00:00:00+00:00,0.01226457445245921
2012-12-20 00:00:00+00:00,-0.011258989336430436
2012-12-27 00:00:00+00:00,0.026869154097812986
2013-01-03 00:00:00+00:00,0.0030017393970540596
2013-01-10 00:00:00+00:00,0.0027363098519850304
2013-01-17 00:00:00+00:00,0.009406947171945346
2013-01-24 00:00:00+00:00,0.0035946512080531345
2013-01-31 00:00:00+00:00,-0.0005369939113459843
2013-02-07 00:00:00+00:00,0.0034928497744437514
2013-02-14 00:00:00+00:00,0.00013845367026532607
2013-02-21 00:00:00+00:00,0.010219542556004324
2013-02-28 00:00:00+00:00,0.015266349628129117
2013-03-07 00:00:00+00:00,0.007499476310118824
2013-03-14 00:00:00+00:00,0.002604662510448552
2013-03-21 00:00:00+00:00,0.001858470206183238
2013-03-28 00:00:00+00:00,-0.011174675474415974
2013-04-04 00:00:00+00:00,0.03388384862472793
2013-04-11 00:00:00+00:00,-0.023849512873139966
2013-04-18 00:00:00+00:00,0.024108030401669422
2013-04-25 00:00:00+00:00,-0.0013697869569213594
2013-05-02 00:00:00+00:00,0.04384181672937615
2013-05-09 00:00:00+00:00,0.012089112482711606
2013-05-16 00:00:00+00:00,-0.003610654395641455
2013-05-23 00:00:00+00:00,-0.011464932370774616
2013-05-30 00:00:00+00:00,-0.019855750794268157
2013-06-06 00:00:00+00:00,0.0055271528343316945
2013-06-13 00:00:00+00:00,0.004668837849088003
2013-06-20 00:00:00+00:00,0.0021136573345357235
2013-06-27 00:00:00+00:00,-0.0019045256077432349
2013-07-04 00:00:00+00:00,0.014997119619651667
2013-07-11 00:00:00+00:00,0.02055409814643383
2013-07-18 00:00:00+00:00,-0.005748101149728901
2013-07-25 00:00:00+00:00,0.004465960592809459
2013-08-01 00:00:00+00:00,0.0058175320724971336
2013-08-08 00:00:00+00:00,0.007097056819152181
2013-08-15 00:00:00+00:00,-0.02680978528883715
2013-08-22 00:00:00+00:00,0.0037636962312550537
2013-08-29 00:00:00+00:00,0.005515270171310815
2013-09-05 00:00:00+00:00,0.013308365636918618
2013-09-12 00:00:00+00:00,0.01348147375520603
2013-09-19 00:00:00+00:00,-0.0013411262133287138
2013-09-26 00:00:00+00:00,-0.0016441836600000759
2013-10-03 00:00:00+00:00,-0.011198745070921556
2013-10-10 00:00:00+00:00,0.03751734195635703
2013-10-17 00:00:00+00:00,-0.00312440312028206
2013-10-24 00:00:00+00:00,0.01077499363365697
2013-10-31 00:00:00+00:00,0.011137770744838127
2013-11-07 00:00:00+00:00,0.010677036777207993
2013-11-14 00:00:00+00:00,0.0012743481430212977
2013-11-21 00:00:00+00:00,0.01503037608831459
2013-11-28 00:00:00+00:00,-7.938270703444772e-06
2013-12-05 00:00:00+00:00,-0.011939158451217069
2013-12-12 00:00:00+00:00,0.015990503688467328
2013-12-19 00:00:00+00:00,-0.001443667247707281
2013-12-26 00:00:00+00:00,-0.00010190324442660437
2014-01-02 00:00:00+00:00,0.002032570877600559
2014-01-09 00:00:00+00:00,0.005201695755638225
2014-01-16 00:00:00+00:00,0.0005742981956051718
2014-01-23 00:00:00+00:00,-0.03882505052785479
2014-01-30 00:00:00+00:00,-0.012972090112564838
2014-02-06 00:00:00+00:00,0.03990516827939539
2014-02-13 00:00:00+00:00,-0.003762219119753274
2014-02-20 00:00:00+00:00,0.0076761295323206635
2014-02-27 00:00:00+00:00,0.0031722836207404015
2014-03-06 00:00:00+00:00,-2.2910298325129475e-08
2014-03-13 00:00:00+00:00,-0.010474050850933114
2014-03-20 00:00:00+00:00,-0.004680598558940208
2014-03-27 00:00:00+00:00,0.023177494790519892
2014-04-03 00:00:00+00:00,0.0009482775098983431
2014-04-10 00:00:00+00:00,-0.016543525573290196
2014-04-17 00:00:00+00:00,0.00920568660598109
2014-04-24 00:00:00+00:00,0.013209260017542634
2014-05-01 00:00:00+00:00,-0.00020097705120536435
2014-05-08 00:00:00+00:00,0.00174809463722303
2014-05-15 00:00:00+00:00,-0.007775887220813904
2014-05-22 00:00:00+00:00,0.011112151248741986
2014-05-29 00:00:00+00:00,0.004259869135118999
2014-06-05 00:00:00+00:00,0.001674266789372325
2014-06-12 00:00:00+00:00,0.02624521062644103
2014-06-19 00:00:00+00:00,0.0009555839084207651
2014-06-26 00:00:00+00:00,0.018846779259404256
2014-07-03 00:00:00+00:00,0.002291208664275901
2014-07-10 00:00:00+00:00,0.006788636195792064
2014-07-17 00:00:00+00:00,-0.00220505917357372
2014-07-24 00:00:00+00:00,-0.014759158032004116
2014-07-31 00:00:00+00:00,-0.02793779357898063
2014-08-07 00:00:00+00:00,0.018212535596166868
2014-08-14 00:00:00+00:00,0.005994924593145656
2014-08-21 00:00:00+00:00,0.0007131250704637271
2014-08-28 00:00:00+00:00,-0.002286548590385684
2014-09-04 00:00:00+00:00,-0.007512428638126956
2014-09-11 00:00:00+00:00,-0.00458574976195214
2014-09-18 00:00:00+00:00,-0.013222862092359011
2014-09-25 00:00:00+00:00,-0.025708238257507565
2014-10-02 00:00:00+00:00,0.005182706925858094
2014-10-09 00:00:00+00:00,-0.04339471349105217
2014-10-16 00:00:00+00:00,0.04911520681658765
2014-10-23 00:00:00+00:00,0.013783603456074989
2014-10-30 00:00:00+00:00,0.00017937759231045902
2014-11-06 00:00:00+00:00,0.0016714222903495557
2014-11-13 00:00:00+00:00,-0.00016275544982968793
2014-11-20 00:00:00+00:00,0.007881880284606568
2014-11-27 00:00:00+00:00,0.0014892860520483442
2014-12-04 00:00:00+00:00,-0.033833596539073696
2014-12-11 00:00:00+00:00,0.006080689086025881
2014-12-18 00:00:00+00:00,0.02929277003231312
2014-12-25 00:00:00+00:00,-0.0012427433187162107
2015-01-01 00:00:00+00:00,-0.003525751013834566
2015-01-08 00:00:00+00:00,-0.007807830906727209
2015-01-15 00:00:00+00:00,0.01186499074773395
2015-01-22 00:00:00+00:00,-0.012248622068069759
2015-01-29 00:00:00+00:00,0.014660107725959381
2015-02-05 00:00:00+00:00,0.009131273656473038
2015-02-12 00:00:00+00:00,0.011961255636418366
2015-02-19 00:00:00+00:00,0.0014160346444207494
2015-02-26 00:00:00+00:00,-0.00801259478120997
2015-03-05 00:00:00+00:00,-0.02902302750477026
2015-03-12 00:00:00+00:00,0.04089243518901098
2015-03-19 00:00:00+00:00,-0.009608206466126035
2015-03-26 00:00:00+00:00,0.003311081430476648
2015-04-02 00:00:00+00:00,0.004848044272458996
2015-04-09 00:00:00+00:00,0.004100339403395825
2015-04-16 00:00:00+00:00,-0.002156366893826811
2015-04-23 00:00:00+00:00,-0.006002281467261894
2015-04-30 00:00:00+00:00,-0.016563430518488742
2015-05-07 00:00:00+00:00,0.00820651262802774
2015-05-14 00:00:00+00:00,0.008174141230040677
2015-05-21 00:00:00+00:00,0.0017715455968805305
2015-05-28 00:00:00+00:00,0.002062495357812333
2015-06-04 00:00:00+00:00,-0.005170077203350387
2015-06-11 00:00:00+00:00,-0.0003731312576596979
2015-06-18 00:00:00+00:00,-0.0023107852754097324
2015-06-25 00:00:00+00:00,-0.006495040789111117
2015-07-02 00:00:00+00:00,-0.008893431453872225
2015-07-09 00:00:00+00:00,0.026402521854315353
2015-07-16 00:00:00+00:00,0.003916023637017041
2015-07-23 00:00:00+00:00,-0.00044318304193402547
2015-07-30 00:00:00+00:00,-0.0048632080095195596
2015-08-06 00:00:00+00:00,-0.004410918766932226
2015-08-13 00:00:00+00:00,0.011319004423133272
2015-08-20 00:00:00+00:00,-0.03206392913452649
2015-08-27 00:00:00+00:00,-0.0028337327125775857
2015-09-03 00:00:00+00:00,0.0010089484309663277
2015-09-10 00:00:00+00:00,0.019524242903205202
2015-09-17 00:00:00+00:00,-0.002038311341451382
2015-09-24 00:00:00+00:00,-0.011100113985263893
2015-10-01 00:00:00+00:00,0.02822555967896534
2015-10-08 00:00:00+00:00,-0.0010922651548700424
2015-10-15 00:00:00+00:00,0.011507639896427335
2015-10-22 00:00:00+00:00,0.012223567674453317
2015-10-29 00:00:00+00:00,-0.0009743480529903481
2015-11-05 00:00:00+00:00,-0.005935956013477628
2015-11-12 00:00:00+00:00,-0.0007879986850700682
2015-11-19 00:00:00+00:00,0.004489358947252997
2015-11-26 00:00:00+00:00,-0.0002123200122285951
2015-12-03 00:00:00+00:00,-0.00086053584240664
2015-12-10 00:00:00+00:00,0.004907300638857581
2015-12-17 00:00:00+00:00,-0.0012703182941551372
2015-12-24 00:00:00+00:00,0.0011938412428302847
2015-12-31 00:00:00+00:00,-0.021074483855268555
2016-01-07 00:00:00+00:00,-0.04094138955657378
2016-01-14 00:00:00+00:00,-0.014130504387246723
2016-01-21 00:00:00+00:00,0.007854597916488792
2016-01-28 00:00:00+00:00,0.013520405197939622
2016-02-04 00:00:00+00:00,-0.004517985422222814
2016-02-11 00:00:00+00:00,-0.001911083985251416
2016-02-18 00:00:00+00:00,0.0
2016-02-25 00:00:00+00:00,0.0
2016-03-03 00:00:00+00:00,0.0
2016-03-10 00:00:00+00:00,0.0
2016-03-17 00:00:00+00:00,0.0
2016-03-24 00:00:00+00:00,0.0
2016-03-31 00:00:00+00:00,0.0
2016-04-07 00:00:00+00:00,0.0
2016-04-14 00:00:00+00:00,0.0
2016-04-21 00:00:00+00:00,0.0
2016-04-28 00:00:00+00:00,0.00427910705698209
2016-05-05 00:00:00+00:00,0.005202013043416276
2016-05-12 00:00:00+00:00,-0.005690788930847623
2016-05-19 00:00:00+00:00,0.022685081495924297
2016-05-26 00:00:00+00:00,0.004725636804553401
2016-06-02 00:00:00+00:00,0.0014674769409759314
2016-06-09 00:00:00+00:00,-0.012777028933690593
2016-06-16 00:00:00+00:00,0.012760953272146436
2016-06-23 00:00:00+00:00,-0.006836006164207542
2016-06-30 00:00:00+00:00,0.00916253583769766
2016-07-07 00:00:00+00:00,0.009289173959853292
2016-07-14 00:00:00+00:00,0.002372949226959964
2016-07-21 00:00:00+00:00,-0.01358653525901421
2016-07-28 00:00:00+00:00,-0.0002926872126215452
2016-08-04 00:00:00+00:00,0.0008949892253649061
2016-08-11 00:00:00+00:00,0.005962766093930094
2016-08-18 00:00:00+00:00,-0.004312423381371833
2016-08-25 00:00:00+00:00,-0.008010900280337574
2016-09-01 00:00:00+00:00,0.009154949861961859
2016-09-08 00:00:00+00:00,-0.01850606082339923
2016-09-15 00:00:00+00:00,0.01966956055783231
2016-09-22 00:00:00+00:00,0.004484068828135124
2016-09-29 00:00:00+00:00,0.013913959873660176
2016-10-06 00:00:00+00:00,-0.006187464838940726
2016-10-13 00:00:00+00:00,0.004019794882297312
2016-10-20 00:00:00+00:00,-5.7610710420985534e-05
2016-10-27 00:00:00+00:00,-0.021180729056602954
2016-11-03 00:00:00+00:00,0.036950387562488585
2016-11-10 00:00:00+00:00,0.006192660865584454
2016-11-17 00:00:00+00:00,0.0071976183455761955
2016-11-24 00:00:00+00:00,-0.0034269435954074057
2016-12-01 00:00:00+00:00,0.0009943524998008435
2016-12-08 00:00:00+00:00,0.004060724872706478
2016-12-15 00:00:00+00:00,0.007749722728701336
2016-12-22 00:00:00+00:00,-0.006470258938803375
2016-12-29 00:00:00+00:00,0.008845239208763456
2017-01-05 00:00:00+00:00,0.0028418563046039846
2017-01-12 00:00:00+00:00,-0.0071239049174944835
2017-01-19 00:00:00+00:00,0.01016108278001604
2017-01-26 00:00:00+00:00,-0.010032308254450673
2017-02-02 00:00:00+00:00,0.005706366273005248
2017-02-09 00:00:00+00:00,0.012934669455053616
2017-02-16 00:00:00+00:00,0.005342076908447346
2017-02-23 00:00:00+00:00,0.007434483782177814
2017-03-02 00:00:00+00:00,-0.0106838311940195
2017-03-09 00:00:00+00:00,0.01496281997054938
2017-03-16 00:00:00+00:00,-0.016219419287615833
2017-03-23 00:00:00+00:00,0.00878927588531675
2017-03-30 00:00:00+00:00,0.005140802678099021
2017-04-06 00:00:00+00:00,-0.004575210499444093
2017-04-13 00:00:00+00:00,-0.0020407042654786434
2017-04-20 00:00:00+00:00,0.0256935436718031
2017-04-27 00:00:00+00:00,-0.004329308103099172
2017-05-04 00:00:00+00:00,0.009799347522261082
2017-05-11 00:00:00+00:00,-0.0007925360494938083
2017-05-18 00:00:00+00:00,0.0234471020725473
2017-05-25 00:00:00+00:00,0.008931647385175934
2017-06-01 00:00:00+00:00,-0.0009971507639950916
2017-06-08 00:00:00+00:00,0.017823251349447178
2017-06-15 00:00:00+00:00,-0.0030087387775555863
2017-06-22 00:00:00+00:00,-0.0021876080373722795
2017-06-29 00:00:00+00:00,-0.010704745474820032
2017-07-06 00:00:00+00:00,0.00499707685270212
2017-07-13 00:00:00+00:00,0.003446421585212578
2017-07-20 00:00:00+00:00,-0.004378036483761338
2017-07-27 00:00:00+00:00,-0.012204163426926429
2017-08-03 00:00:00+00:00,-0.001850915040847445
2017-08-10 00:00:00+00:00,0.0019916865746727463
2017-08-17 00:00:00+00:00,-0.013544509863215204
2017-08-24 00:00:00+00:00,0.006335080591458819
2017-08-31 00:00:00+00:00,0.0007576269543512204
2017-09-07 00:00:00+00:00,0.020045916924219975
2017-09-14 00:00:00+00:00,0.00518550476219537
2017-09-21 00:00:00+00:00,-0.011664875381656947
2017-09-28 00:00:00+00:00,0.011318155925277296
2017-10-05 00:00:00+00:00,0.004418939868440663
2017-10-12 00:00:00+00:00,0.0015472194557939467
2017-10-19 00:00:00+00:00,-0.0004144434530959362
2017-10-26 00:00:00+00:00,-0.012688583554165467
2017-11-02 00:00:00+00:00,0.007102349776124672
2017-11-09 00:00:00+00:00,-0.007654591942805045
2017-11-16 00:00:00+00:00,0.008531861652389283
2017-11-23 00:00:00+00:00,0.010414035594812576
2017-11-30 00:00:00+00:00,0.0004889058211479114
2017-12-07 00:00:00+00:00,0.009888962843401794
2017-12-14 00:00:00+00:00,0.0020464259467607437
2017-12-21 00:00:00+00:00,-0.00360953618675508
2017-12-28 00:00:00+00:00,-6.418006312292057e-06
2018-01-04 00:00:00+00:00,-0.004187649881683075
2018-01-11 00:00:00+00:00,0.011749333722278932
2018-01-18 00:00:00+00:00,0.005163317167361736
2018-01-25 00:00:00+00:00,0.0044738250535840685
2018-02-01 00:00:00+00:00,-0.04337185661911813
2018-02-08 00:00:00+00:00,0.0031598140255901797
2018-02-15 00:00:00+00:00,-0.0031660743317944995
2018-02-22 00:00:00+00:00,0.004497529806379852
2018-03-01 00:00:00+00:00,-0.004412586423369169
2018-03-08 00:00:00+00:00,0.006001858428722029
2018-03-15 00:00:00+00:00,0.0060196194971304795
2018-03-22 00:00:00+00:00,-0.02559901983507218
2018-03-29 00:00:00+00:00,0.012738518040530833
2018-04-05 00:00:00+00:00,-0.0011441416094825074
2018-04-12 00:00:00+00:00,0.013457319315766547
2018-04-19 00:00:00+00:00,0.00946700225293129
2018-04-26 00:00:00+00:00,-0.015550749404938613
2018-05-03 00:00:00+00:00,0.03127511327083554
2018-05-10 00:00:00+00:00,0.009331950664272837
2018-05-17 00:00:00+00:00,0.004713784347616157
2018-05-24 00:00:00+00:00,-0.002310726988338452
2018-05-31 00:00:00+00:00,0.024719545388593334
2018-06-07 00:00:00+00:00,0.006804590448114434
2018-06-14 00:00:00+00:00,9.633517807938752e-05
2018-06-21 00:00:00+00:00,-0.018155882580420113
2018-06-28 00:00:00+00:00,-0.0012035756372850148
2018-07-05 00:00:00+00:00,0.00891661595622173
2018-07-12 00:00:00+00:00,0.007475131907051402
2018-07-19 00:00:00+00:00,0.012884439007954107
2018-07-26 00:00:00+00:00,0.0021913304820049273
2018-08-02 00:00:00+00:00,0.020563966534676625
2018-08-09 00:00:00+00:00,-0.004870651468347753
2018-08-16 00:00:00+00:00,0.03213064893636641
2018-08-23 00:00:00+00:00,0.0005749541257424884
2018-08-30 00:00:00+00:00,-0.0015713464789478548
2018-09-06 00:00:00+00:00,0.0012268749166113313
2018-09-13 00:00:00+00:00,0.00453454727452729
2018-09-20 00:00:00+00:00,-0.006700036930017861
2018-09-27 00:00:00+00:00,0.005560536405328387
2018-10-04 00:00:00+00:00,-0.010867246283984944
2018-10-11 00:00:00+00:00,0.007143165655408845
2018-10-18 00:00:00+00:00,-0.03132087508364745
2018-10-25 00:00:00+00:00,0.023411340829192273
2018-11-01 00:00:00+00:00,0.015726527088500974
2018-11-08 00:00:00+00:00,-0.009984798589898647
2018-11-15 00:00:00+00:00,-0.020912392836805238
2018-11-22 00:00:00+00:00,0.03926591453862227
2018-11-29 00:00:00+00:00,0.0021822146157539635
2018-12-06 00:00:00+00:00,-0.014813009339756156
2018-12-13 00:00:00+00:00,-0.05720832383861729
2018-12-20 00:00:00+00:00,-0.02707217431858966
2018-12-27 00:00:00+00:00,0.021404904298563787
2019-01-03 00:00:00+00:00,0.003364435575603286
2019-01-10 00:00:00+00:00,0.0013629998397886034
2019-01-17 00:00:00+00:00,0.005304856941756864
2019-01-24 00:00:00+00:00,-0.0039214242951491896
2019-01-31 00:00:00+00:00,0.018457200688240638
2019-02-07 00:00:00+00:00,0.004462445589218156
2019-02-14 00:00:00+00:00,0.004774649014154919
2019-02-21 00:00:00+00:00,0.0018606832910816884
2019-02-28 00:00:00+00:00,-0.010079209216940388
2019-03-07 00:00:00+00:00,0.014842242627111313
2019-03-14 00:00:00+00:00,-0.00263376447002317
2019-03-21 00:00:00+00:00,0.0039924569039822
2019-03-28 00:00:00+00:00,0.02377951477432738
2019-04-04 00:00:00+00:00,0.0012262689600397447
2019-04-11 00:00:00+00:00,-0.0015538037379356773
2019-04-18 00:00:00+00:00,0.0027219925774324416
2019-04-25 00:00:00+00:00,-2.324277563880983e-05
2019-05-02 00:00:00+00:00,-0.011677774934371055
2019-05-09 00:00:00+00:00,-0.0041803421866333235
2019-05-16 00:00:00+00:00,0.0012614096042062872
2019-05-23 00:00:00+00:00,-0.0224612568030903
2019-05-30 00:00:00+00:00,0.03404699347061224
2019-06-06 00:00:00+00:00,0.01387403064954662
2019-06-13 00:00:00+00:00,-0.0018863541864729827
2019-06-20 00:00:00+00:00,-0.0038711826535450244
2019-06-27 00:00:00+00:00,0.03712308836189537
2019-07-04 00:00:00+00:00,0.002468004663906287
2019-07-11 00:00:00+00:00,0.005176539182602191
2019-07-18 00:00:00+00:00,0.01611125033554983
2019-07-25 00:00:00+00:00,-0.008970714897365895
2019-08-01 00:00:00+00:00,-0.02100343572222363
2019-08-08 00:00:00+00:00,-0.014635159473208148
2019-08-15 00:00:00+00:00,0.01928916128402003
2019-08-22 00:00:00+00:00,-0.007504963055275815
2019-08-29 00:00:00+00:00,0.010352652828669928
2019-09-05 00:00:00+00:00,0.0028054611715448985
2019-09-12 00:00:00+00:00,0.008458939453706238
2019-09-19 00:00:00+00:00,0.005181988562717121
2019-09-26 00:00:00+00:00,-0.01838252660990458
2019-10-03 00:00:00+00:00,0.01188182758533074
2019-10-10 00:00:00+00:00,0.005203357908281303
2019-10-17 00:00:00+00:00,0.0005500145941406132
2019-10-24 00:00:00+00:00,0.0036265299509892213
2019-10-31 00:00:00+00:00,0.0016634017533927459
2019-11-07 00:00:00+00:00,0.0059941049651370815
2019-11-14 00:00:00+00:00,0.008078258882345812
2019-11-21 00:00:00+00:00,0.007334198766893563
2019-11-28 00:00:00+00:00,-0.00929766208575944
2019-12-05 00:00:00+00:00,0.007283715495248089
2019-12-12 00:00:00+00:00,0.00800287343079309
2019-12-19 00:00:00+00:00,0.009884761567663158
2019-12-26 00:00:00+00:00,0.0001079087580417859
2020-01-02 00:00:00+00:00,-0.010932454558001514
2020-01-09 00:00:00+00:00,0.00346669659283938
2020-01-16 00:00:00+00:00,-0.00016016645174321553
2020-01-23 00:00:00+00:00,-0.022671683646583007
2020-01-30 00:00:00+00:00,0.02405352269616956
2020-02-06 00:00:00+00:00,0.0014365969987801819
2020-02-13 00:00:00+00:00,-0.005349027899375858
2020-02-20 00:00:00+00:00,-0.08129211694138139
2020-02-27 00:00:00+00:00,-0.012682913809264784
2020-03-05 00:00:00+00:00,-0.14523577843555668
2020-03-12 00:00:00+00:00,-0.1382256750984736
2020-03-19 00:00:00+00:00,0.03412937960034168
2020-03-26 00:00:00+00:00,0.006666808495425336
2020-04-02 00:00:00+00:00,0.13040354482450756
2020-04-09 00:00:00+00:00,-0.0319298162784607
2020-04-16 00:00:00+00:00,0.008696160329312308
2020-04-23 00:00:00+00:00,0.07973163821300844
2020-04-30 00:00:00+00:00,-0.04888614700123972
2020-05-07 00:00:00+00:00,-0.020662303494744183
2020-05-14 00:00:00+00:00,-0.00683369084390828
2020-05-21 00:00:00+00:00,0.0
2020-05-28 00:00:00+00:00,0.0
2020-06-04 00:00:00+00:00,0.0
2020-06-11 00:00:00+00:00,0.0
2020-06-18 00:00:00+00:00,0.0
2020-06-25 00:00:00+00:00,0.005045924892454368
2020-07-02 00:00:00+00:00,0.0009717273610660992
2020-07-09 00:00:00+00:00,0.0
2020-07-16 00:00:00+00:00,0.0
2020-07-23 00:00:00+00:00,0.0
2020-07-30 00:00:00+00:00,0.0
2020-08-06 00:00:00+00:00,-0.0008448844884487716
2020-08-13 00:00:00+00:00,0.01148474773783481
2020-08-20 00:00:00+00:00,0.005496346193202717
2020-08-27 00:00:00+00:00,0.02806156748559463
2020-09-03 00:00:00+00:00,-0.03610812162960486
2020-09-10 00:00:00+00:00,-0.010144993256943624
2020-09-17 00:00:00+00:00,-0.03675275566979985
2020-09-24 00:00:00+00:00,0.03524579434515829
2020-10-01 00:00:00+00:00,0.013178515647294775
2020-10-08 00:00:00+00:00,0.00979129859548955
2020-10-15 00:00:00+00:00,-0.006527126029677532
2020-10-22 00:00:00+00:00,-0.03565965901608137
2020-10-29 00:00:00+00:00,0.05736380065202007
2020-11-05 00:00:00+00:00,0.027329267193836326
2020-11-12 00:00:00+00:00,-0.0011643024644584221
2020-11-19 00:00:00+00:00,0.011637211751174492
2020-11-26 00:00:00+00:00,-0.004937064978972061
2020-12-03 00:00:00+00:00,0.007074573612642965
2020-12-10 00:00:00+00:00,-0.0029462697477373734
2020-12-17 00:00:00+00:00,-0.0030871802047138797
2020-12-24 00:00:00+00:00,0.006532081975401782
